Date,Total_Sentiment,Average_Sentiment,Total_Tweets,Close,High,Low,Open,Volume,30D_MA_Price,30D_MA_Sentiment,30D_MA_Volume,Volume_Ratio,Daily_Return,30D_Volatility,7D_MA_Sentiment
2021-09-30,-0.9165750741958618,-0.18331501483917237,5,273.2408752441406,278.9689050319053,272.95009324265595,276.914175698253,32343600.0,273.2408752441406,-0.18331501483917237,32343600.0,1.0,,,-0.18331501483917237
2021-10-01,1.544180691242218,0.19302258640527725,8,280.1998291015625,281.05274232386216,272.63026862075776,273.43470338656726,30086300.0,276.72035217285156,0.004853785783052442,31214950.0,0.9638426459116545,0.025468202190481293,,0.004853785783052442
2021-10-04,-1.3617525398731232,-0.11347937832276027,12,274.394287109375,278.8914563280941,271.6223479963453,278.552225356997,31350700.0,275.9449971516927,-0.03459060225221846,31260200.0,1.0028950550540303,-0.020719291695510678,,-0.03459060225221846
2021-10-05,0.5010690093040466,0.08351150155067444,6,279.87030029296875,281.45979619148966,275.30528014026925,275.30528014026925,24993000.0,276.9263229370117,-0.005065076301495237,29693400.0,0.8417021964476954,0.01995673175735968,,-0.005065076301495237
2021-10-06,-0.9252194166183472,-0.1321742023740496,7,284.0863952636719,284.5904056402625,276.7203900908652,276.98206730927467,28002600.0,278.35833740234375,-0.030486901516006103,29355240.0,0.9539216848508136,0.01506446009558604,,-0.030486901516006103
2021-10-07,0.0,0.0,4,285.7728271484375,287.5077289354926,284.87146499587226,286.0926548361611,20430500.0,279.5940856933594,-0.02540575126333842,27867783.333333332,0.7331225363576939,0.005936334554846878,,-0.02540575126333842
2021-10-08,-0.446778655052185,-0.11169466376304625,4,285.7728271484375,287.5077289354926,284.7163871667097,287.100645936682,17685700.0,280.4767630440848,-0.037732738763296685,26413200.0,0.6695780897430073,0.0,,-0.037732738763296685
2021-10-11,0.0,0.0,1,285.1719055175781,288.79675717080875,283.73745784943134,283.90223727824645,19298600.0,281.0636558532715,-0.0330161464178846,25523875.0,0.7560999260496301,-0.0021027948558147713,,-0.011544879500557772
2021-10-12,-0.8806074857711792,-0.12580106939588273,7,283.86346435546875,286.3446503825406,283.3497820040376,286.2477230453125,17974100.0,281.37474568684894,-0.043325582304328834,24685011.111111112,0.7281382179289186,-0.004588254090930111,,-0.05709111604358062
2021-10-13,0.0,0.0,4,287.1878662109375,288.1280051974415,284.4546749827831,285.8309722041459,23416300.0,281.9560577392578,-0.038993024073895946,24558140.0,0.9535046220927155,0.01171127063856936,,-0.0408797762831863
2021-10-14,0.07471942901611328,0.008302158779568143,9,293.4296264648437,293.93360724782497,288.6610791409722,289.99859959442665,27262900.0,282.9991094415838,-0.0346934619963083,24804027.272727273,1.099131995793938,0.02173406674960865,,-0.05162396810763005
2021-10-15,0.5268803238868713,0.07526861769812447,7,294.8446960449219,295.0773276074672,291.2682926433192,293.0322699004175,25384800.0,283.9862416585286,-0.025529955355105573,24852425.0,1.0214214508242154,0.004822517743441779,,-0.021989279525890904
2021-10-18,0.0,0.0,7,297.8298645019531,298.72152507618847,293.3714728965588,294.2243861957909,22729300.0,285.05113572340747,-0.023566112635482066,24689107.692307692,0.9206205539409469,0.010124545216768643,,-0.021989279525890904
2021-10-19,0.9147720336914062,0.11434650421142578,8,298.74090576171875,299.77794248418775,297.7619899473713,298.85720673410253,17682100.0,286.0289764404297,-0.013715211432131506,24188607.14285714,0.7310094333075932,0.003058931854564406,,0.010302315899033673
2021-10-20,-0.5217702388763428,-0.08696170647939046,6,297.9461975097656,300.1657067322901,296.6862010629804,299.6907715707597,16537100.0,286.8234578450521,-0.018598311101948768,23678506.666666668,0.69840130683917,-0.0026601922824288637,,-0.002120785026593535
2021-10-21,-1.0078375935554504,-0.16797293225924173,6,301.1930236816406,301.4449992684376,296.92845740574165,297.71354814413246,16918100.0,287.72155570983887,-0.02793422492427958,23255981.25,0.7274730667406262,0.010897357304815447,,-0.008145336864216248
2021-10-22,-1.159858763217926,-0.09665489693482716,12,299.6423645019531,301.512941426498,298.32421737437426,300.8441810415646,17449300.0,288.42277975643384,-0.03197661739548826,22914411.76470588,0.7614989282367891,-0.005148390094607658,,-0.02195317928347727
2021-10-25,-0.09732425212860107,-0.006951732294900077,14,298.64404296875,299.8749346299276,297.0254418784071,299.83615777139573,17554500.0,288.9906277126736,-0.03058634600101114,22616638.888888888,0.7761763401821914,-0.0033317102368434215,,-0.024132306579829874
2021-10-26,2.4553186297416687,0.3069148287177086,8,300.56298828125,302.7824969844961,299.0994950160424,301.42560307917466,28107300.0,289.59969932154604,-0.01282312627897326,22905621.05263158,1.2270918101463488,0.006425526835975859,,0.008960009280110712
2021-10-27,0.0,0.0,8,313.2210388183594,316.06082998556684,306.2717583750526,306.2717583750526,52588700.0,290.78076629638673,-0.012181969965024598,24389775.0,2.156178152524982,0.04211446861602486,,0.008960009280110712
2021-10-28,-6.162732720375061,-0.14006210728125137,44,314.3646850585937,314.8686658800546,311.4667139954873,314.3452818413346,26297900.0,291.90381004696803,-0.018271500313416348,24480638.095238097,1.0742326199869516,0.0036512433665016886,,-0.027384078075986026
2021-10-29,-3.9372642040252686,-0.12303950637578964,32,321.4108581542969,321.779164339949,313.92852218591963,314.15145213462347,34766000.0,293.24503950639206,-0.023033682407160586,24948154.545454547,1.393529927700974,0.02241400968556584,,-0.03253804948975734
2021-11-01,1.8343060612678528,0.16675509647889572,11,319.2301330566406,321.284862793326,316.32248993988014,321.1588601924409,27073200.0,294.3748261824898,-0.014781996368636401,25040547.826086957,1.0811744290911818,-0.006784851980978668,,0.015280240329976583
2021-11-02,0.8824703693389893,0.1260671956198556,7,322.8743896484375,323.184545347341,319.84074392057755,320.14119801074173,26487100.0,295.562307993571,-0.008913280035782569,25100820.833333332,1.0552284395746023,0.01141576629030272,,0.04709768212350269
2021-11-03,0.0,0.0,7,323.7175598144531,324.58984672468614,320.47068615818483,323.62063247374465,21500100.0,296.68851806640623,-0.008556748834351265,24956792.0,0.8614929354702319,0.0026114495080693523,,0.04809078673705985
2021-11-04,-0.0951583981513977,-0.015859733025232952,6,326.0824584960937,326.1793858408279,319.3658105568457,322.6417595935785,23992200.0,297.81905423677887,-0.008837632841692868,24919692.307692308,0.9627807480028152,0.007305438367310346,,0.001980135059496765
2021-11-05,2.1155900955200195,0.1762991746266683,12,325.7142028808594,328.3601689545597,324.12470657722093,328.0887900940323,22570100.0,298.8522078902633,-0.0019807140465683804,24832670.37037037,0.9088873513550921,-0.0011293327980067547,,0.027165731434735097
2021-11-08,1.8273133337497711,0.1305223809821265,14,326.615478515625,327.25516342665753,324.1439941767868,326.91593254652474,20897000.0,299.8437532697405,0.00275153934731358,24692110.714285713,0.8463027013689017,0.002767075020966514,,0.06582065832950336
2021-11-09,0.7909008264541626,0.19772520661354065,4,325.6075744628906,328.292287578706,324.2312770641444,326.73183708622446,21307400.0,300.7321608970905,0.009474769253045547,24575396.55172414,0.8670216146931364,-0.003085904125900596,,0.11164418875655055
2021-11-10,0.8498932123184204,0.07082443435986836,12,320.61602783203125,324.3281345768568,319.7631442286859,324.2699840943121,25500900.0,301.39495646158855,0.01151975808993964,24606246.666666668,1.0363587891096488,-0.015329946298372255,,0.09793980845383235
2021-11-11,1.0250433087348938,0.25626082718372345,4,322.1959533691406,323.4946971862152,320.3350781839296,321.05228741384656,16849800.0,303.02679239908855,0.026172286157369502,24089786.666666668,0.6994582489730087,0.004927780896646583,0.1995250849045683,0.11653889867724206
2021-11-12,0.8049138784408569,0.08049138784408569,10,326.3537902832031,326.8480989654607,323.51399991798365,323.6400024901724,23831000.0,304.5652577718099,0.022421246205329783,23881276.666666668,0.9978947245003512,0.01290468384405452,0.1918190757870856,0.1280376683692543
2021-11-15,0.6194148659706116,0.08848783799580165,7,325.72381591796875,327.47809121400434,323.7466107128754,327.1485619428337,16723000.0,306.2762420654297,0.029153486749281848,23393686.666666668,0.7148509868616975,-0.0019303418069319678,0.17693951765170343,0.14294446422940207
2021-11-16,0.3331940770149231,0.023799576929637363,14,329.0579833984375,330.1822756278537,325.18112588103355,325.3458757618009,20886800.0,307.91583150227865,0.027163089261913947,23256813.333333332,0.8980938059155138,0.010236179602256756,0.17236100528584794,0.12115880741554054
2021-11-17,0.012113392353057861,0.0020188987255096436,6,329.2812805175781,332.2622192928567,328.1937792446629,329.1065098770426,19053400.0,309.4223276774089,0.03163619263189925,22958506.666666668,0.8299058939954282,0.0006785950513477079,0.1704329134470799,0.1028011670931667
2021-11-18,-1.7227809429168701,-0.09571005238427056,18,331.36883544921875,332.5146230191035,327.3392439560614,328.3684881553108,22463500.0,310.94219462076825,0.028445857552423563,23026273.333333332,0.9755595130316355,0.006339731576478602,0.17045642307723893,0.06088184437919366
2021-11-19,0.1366901993751527,0.007194221019744879,19,333.155517578125,335.08780291493565,332.27194500113376,332.6991818854003,21963400.0,312.52161763509116,0.032408820378516605,23168863.333333332,0.9479705449512054,0.005391823061707379,0.1697966763050784,0.051791813902033156
2021-11-22,0.5600228309631348,0.046668569246927895,12,329.9706726074219,339.5252157856874,329.6987972898086,334.6217110790579,31031100.0,314.01490987141926,0.0339644393534142,23559946.666666668,1.3171124892189907,-0.009559634472979361,0.17390220400290987,0.021850062768205225
2021-11-23,0.8837142586708069,0.12624489409582956,7,327.8829650878906,329.6016314725081,323.8825023880821,327.271238383683,30427600.0,315.4822265625,0.042365971469804614,23975063.333333332,1.2691353335319657,-0.006326948704362789,0.17480008818333584,0.02838627794702578
2021-11-24,3.4198092818260193,0.4274761602282524,8,328.1063842773437,328.34913114834603,324.22243434130775,326.5236699372593,21661300.0,316.84617716471354,0.05661517681074636,23916563.333333332,0.9057028678451433,0.0006813991980132439,0.17397273514660463,0.07681318112309017
2021-11-26,0.0,0.0,6,320.1152038574219,328.12585203291167,318.6004654820864,324.64972925674226,24217200.0,317.73569641113284,0.05633843818476076,23815040.0,1.0168868076644002,-0.02435545543413442,0.18523324181065276,0.0734132415617134
2021-11-29,4.275362253189087,0.42753622531890867,10,326.863525390625,329.1938894536679,325.02834480045965,325.2225541524577,28563500.0,318.80299072265626,0.06808069177212023,23920996.666666668,1.1940765009930605,0.02108091540759438,0.1924966904003871,0.1342014310750561
2021-11-30,3.5488178730010986,0.3548817873001099,10,320.9987487792969,327.9801511598231,319.4451628784616,325.59153024619826,42885600.0,319.5752868652344,0.07991008468212389,24592873.333333332,1.7438222617880357,-0.01794258507222335,0.20111456788700466,0.1985716938871105
2021-12-01,1.634581446647644,0.2043226808309555,8,320.5035400390625,329.4366368662176,319.83358592760334,325.4070446792567,33337600.0,320.3007080078125,0.08290929056944155,25114723.333333332,1.3274125921089848,-0.0015427123691839073,0.2014607099505501,0.22673290243156916
2021-12-02,-0.17075425386428833,-0.04268856346607208,4,319.9306640625,323.8146140888413,318.2896928057958,320.7171615722592,30766000.0,321.0335235595703,0.08438506200321884,25589020.0,1.2023125543690223,-0.0017874248018997507,0.20128512342689606,0.21396759775828342
2021-12-03,0.0,0.0,10,313.638671875,323.04754282111514,308.80314361131497,322.3581203828831,41779300.0,321.44837849934896,0.08998415974519355,26417726.666666668,1.5814873295935885,-0.019666736872308133,0.20946872674790198,0.19593261288745062
2021-12-06,0.0,0.0,7,316.7264099121094,317.9498636247727,309.9683453175888,314.55140742931803,30032600.0,322.0178466796875,0.09320598964302113,26837170.0,1.119067323417484,0.009844889402987889,0.20988145795370367,0.1348645899977003
2021-12-07,0.7993208765983582,0.07266553423621437,11,325.203125,326.05756905237325,320.522958448242,322.01828739621885,31021900.0,322.9031494140625,0.09585989852739159,27286083.333333332,1.1369128951571772,0.026763524678105943,0.2211429373211772,0.14524538060287376
2021-12-08,0.0,0.0,4,325.2516784667969,325.76630064765925,321.2026476232676,325.581810655257,24761000.0,323.7261057535807,0.08562940423680131,27174540.0,0.9111837771678932,0.000149301968721538,0.22103071393978183,0.08416877698588683
2021-12-09,-0.672296404838562,-0.09604234354836601,7,323.4359436035156,326.72757583430194,322.48436518172974,324.707934863553,22214200.0,324.0666025797526,0.08242799278518911,26162056.666666668,0.8490999114875907,-0.005582553399387291,0.18792406524482744,0.019751044007533112
2021-12-10,-1.7405385375022888,-0.24864836250032699,7,332.6020812988281,333.0487272716257,325.0769278400669,325.2614178438245,38095700.0,324.6745157877604,0.07880845094455326,26555316.666666668,1.434579013995314,0.028339885769000484,0.2037495242098927,-0.04495910503979296
2021-12-13,0.7796118259429932,0.09745147824287415,8,329.5531616210937,333.8158110995046,329.24243849989546,330.7960244736991,28899400.0,324.9459259033203,0.08615815043184205,26359763.333333332,1.0963451998620626,-0.009166868907819925,0.19663640147050077,-0.024939099081372068
2021-12-14,0.8599610328674316,0.4299805164337158,2,318.81402587890625,324.931264787045,314.7067381676782,323.552449526195,44438700.0,324.9320556640625,0.09493233109700272,26938613.333333332,1.6496283401867753,-0.032586960141304466,0.21842143099669328,0.03648668898058733
2021-12-15,1.5204605460166931,0.16894006066852146,9,324.94097900390625,325.4653205800536,315.0854612577218,319.0762058810178,35381100.0,325.0009419759115,0.09636142659862493,27235080.0,1.2991002780237841,0.019217953501603935,0.22307100270679084,0.06062098336180468
2021-12-16,0.6228463649749756,0.04791125884422889,13,315.47381591796875,326.98974245959107,313.6483547746416,325.9701878599148,35034800.0,324.7261505126953,0.09795846856009921,27686236.666666668,1.2654229761093085,-0.029135023581693842,0.23865406460155345,0.057084658305806765
2021-12-17,-0.012026369571685791,-0.0024052739143371584,5,314.4057312011719,315.49326205953525,308.0457751201241,311.57046438037884,47750300.0,324.33692626953126,0.0984069505304624,28478173.333333332,1.6767332455311976,-0.003385652510300874,0.23752715929144283,0.05674104774661574
2021-12-20,-0.8990511894226074,-0.09989457660251194,9,310.62860107421875,313.4347394175627,308.3564939796076,310.76452390952767,28326500.0,323.8340728759766,0.08920049215615641,28670053.333333332,0.9880169970617425,-0.012013553673219546,0.2396218196352038,0.0561907287388806
2021-12-21,1.1055465638637543,0.13819332048296928,8,317.7945251464844,318.2217620412238,310.5218082102521,313.91057492680795,24740600.0,323.5400410970052,0.08945619013951783,28798173.333333332,0.8591031005207275,0.02306910583083588,0.2497509870082323,0.11145382630792292
2021-12-22,-0.1895567774772644,-0.027079539639609202,7,323.5330810546875,323.9311598954454,316.29921156209514,318.77521809596766,24831500.0,323.47089131673175,0.08196269859774617,28915643.333333332,0.8587566153637944,0.01805744106371243,0.2555150547956662,0.09366368089613959
2021-12-23,-0.12432020902633656,-0.017760029860905222,7,324.9798278808594,326.6305185809292,323.0767005658128,323.0961096493684,19617800.0,323.61635131835936,0.07900988312372038,28719540.0,0.6830819713686223,0.004471712201594924,0.2516667561928528,0.02970074571119372
2021-12-27,-0.411917805671692,-0.037447073242881095,11,332.5146179199219,332.5437463540886,325.69826800309727,325.727396437264,19947000.0,323.96030680338544,0.0692196197761669,28822780.0,0.6920567689861977,0.023185408424257092,0.25984264334926255,0.00021686943813621233
2021-12-28,-0.06468427181243896,-0.005390355984369914,12,331.3495178222656,333.8352437026062,330.4465064678382,333.1943883320542,15661500.0,324.1268310546875,0.06635689498188505,28550463.333333332,0.5485550205314823,-0.003503906399498047,0.25775296105627116,-0.007397646965949331
2021-12-29,1.597874104976654,0.13315617541472116,12,332.0292053222656,334.3110023641477,329.82504461420683,331.3980397075951,15042000.0,324.3370107014974,0.06784583956251569,28494430.0,0.527892644281707,0.0020512705268658227,0.25766704513365446,0.011968274366773288
2021-12-30,0.0,0.0,13,329.4754943847656,333.1749544876973,328.99000062183825,331.990348520867,15994500.0,324.350927734375,0.06705252033152778,28331353.333333332,0.5645512168732733,-0.0076912238338232575,0.257180194092793,0.026238928167132136
2021-12-31,0.8092136383056641,0.062247202946589544,13,326.5625305175781,329.51431124934464,326.1061651969411,328.6889955613775,18000800.0,324.260302734375,0.06906013047223045,28296266.666666668,0.6361545928320343,-0.008841215558768378,0.2584930124472793,0.015389482804792173
2022-01-03,1.1224111318588257,0.0701506957411766,16,325.0380554199219,328.1937646958434,320.2122465111482,325.62065382806765,28865100.0,324.0492767333984,0.074588822076412,28509653.333333332,1.0124675899250968,-0.004668248666618524,0.25806067420215456,0.029279516430618716
2022-01-04,0.7832297086715698,0.07120270078832452,11,319.4646301269531,325.4750455603239,316.6584618241034,325.1157552681164,32674300.0,323.59291381835936,0.076722438068698,28866683.333333332,1.1319035035199172,-0.01714699309829537,0.26181809225163033,0.041988477951937254
2022-01-05,1.9910748302936554,0.1531596023302812,13,307.2010498046875,316.6099216571062,306.8126607060749,316.40599293377886,40054300.0,322.83392639160155,0.08027213917147645,29167456.666666668,1.3732530901734432,-0.038387912669368585,0.282284885544411,0.06921800303381757
2022-01-06,-0.6129124760627747,-0.12258249521255493,5,304.7735900878906,309.4537573925921,302.4529155197897,304.06475847821264,39646100.0,322.06361389160156,0.07197789286119696,29474740.0,1.3450873527637563,-0.007901860095661184,0.282520445856107,0.05247626885836258
2022-01-07,-0.4777931272983551,-0.039816093941529594,12,304.9289245605469,307.3175455273489,301.0935120604903,305.0357189627148,32720000.0,321.29103190104166,0.056401484388870896,29843363.333333332,1.0963911686004113,0.0005096716963286507,0.282505242999568,0.027765944664612466
2022-01-10,1.8820144534111023,0.17109222303737293,11,305.1522521972656,305.58920845555434,295.850204337967,300.5109328094982,44289500.0,320.7922668457031,0.06210455849011666,30512440.0,1.4515227231909347,0.0007323924322384379,0.2747243616311302,0.05220769081280859
2022-01-11,1.159727394580841,0.19328789909680685,6,305.8416442871094,307.42432897382355,300.899321615518,304.2880584070521,29386800.0,320.09153747558594,0.05429628094937993,30539883.333333332,0.962243361549624,0.0022591741823294598,0.2666072380362827,0.07092779026283964
2022-01-12,0.6209815740585327,0.047767813389117904,13,309.0362548828125,314.0271460501468,307.8807771108326,310.39566141374934,34372200.0,319.6927876790365,0.0440591484856802,30256103.333333332,1.1360418630687297,0.010445309379464973,0.2646150075013677,0.06773023564111698
2022-01-13,1.2995595932006836,0.25991191864013674,5,295.95703125,311.570529645518,295.18025296349924,311.1724211432239,45366000.0,318.87457071940105,0.04591212307931958,30657050.0,1.479790129839629,-0.042322618871278306,0.29031453642247346,0.09468869533423299
2022-01-14,0.6131922602653503,0.0681324733628167,9,301.20037841796875,301.8023860148915,294.9374962738452,295.4229900948721,39846400.0,318.25022786458334,0.04960615764028253,30959730.0,1.2870396479555861,0.017716582524912594,0.29616886836915907,0.08254196262459522
2022-01-18,-0.4420649111270904,-0.06315213016101291,7,293.8692932128906,300.8118463112231,292.98569123569484,295.24810818324164,42333200.0,317.59124857584635,0.04750108663491544,30978193.333333332,1.3665483827440765,-0.02433956173489582,0.29890996315110435,0.0910320147748155
2022-01-19,-0.7912511825561523,-0.07912511825561523,10,294.5296325683594,304.80269716461635,293.9179353193775,297.4037769741022,45933900.0,316.8513559977213,0.04486358269306159,31508236.666666668,1.457837850018265,0.0022470512255610142,0.2971003657436783,0.08541643987280327
2022-01-20,-1.2913905680179596,-0.1844843668597085,7,292.849853515625,302.60826662386137,292.4032075358108,300.10313176155984,35380700.0,315.7729136149089,0.0362919193231975,31653530.0,1.1177489524864999,-0.005703259933767413,0.2841705355522355,0.03461978417322021
2022-01-21,-5.778448402881622,-0.14446121007204055,40,287.4414367675781,295.2870029567207,287.0336089676001,293.9082172607986,57984400.0,314.5125722249349,0.03147654565412948,32760976.666666668,1.7699228136564507,-0.018468224187649485,0.28729497563692047,-0.013630088565186558
2022-01-24,-0.5805681943893433,-0.029028409719467164,20,287.7715148925781,288.4900360460694,268.0410449170108,283.7225142551913,85731500.0,313.3237579345703,0.03371034344842611,34878220.0,2.458023947323,0.00114833173919493,0.2876250281569107,-0.024600977580698707
2022-01-25,0.011699855327606423,0.0007312409579754015,16,280.1201477050781,286.4315658537764,276.89649203266447,283.06223836449163,72848600.0,311.57436014811196,0.04202299689703619,36036650.0,2.0215142084516735,-0.026588341067586785,0.2783169129939355,-0.061626788678150336
2022-01-26,3.0866745710372925,0.2057783047358195,15,288.1016845703125,299.5496351641995,284.5284577844545,299.05442207109365,90428900.0,310.19264424641926,0.0456338911134677,38087633.333333336,2.374232581179018,0.028493262375534956,0.2949777487276639,-0.04196309848200708
2022-01-27,-0.4492008686065673,-0.03455391296973595,13,291.140869140625,298.38442711334307,289.28627958272745,293.8790608207995,53481300.0,309.27020568847655,0.030149410133352643,38389053.333333336,1.3931393289545386,0.010548999652137736,0.28537320194141763,-0.037877638883253226
2022-01-28,0.6819998025894165,0.05683331688245138,12,299.3166198730469,299.5302383109327,285.907284705517,291.519591338495,49743700.0,308.4160603841146,0.026412518673816974,38867806.666666664,1.2798175216473069,0.028081769339202145,0.2924031648799875,-0.018455005292100847
2022-01-31,-1.1334183812141418,-0.07556122541427612,15,301.95770263671875,303.31707920676604,297.4814348645573,299.98659920210355,46444500.0,307.9655232747396,0.022296769198533472,39248130.0,1.1833557420442706,0.00882370903691232,0.28297983522717063,-0.0028945565141819396
2022-02-01,2.2385910153388977,0.07221261339802895,31,299.8020935058594,301.61783528992044,296.2774043334184,301.40421686637296,40950400.0,307.4787353515625,0.02478403210894568,39021466.666666664,1.0494326199937813,-0.007138778418422254,0.28342844875646367,0.02805884683868513
2022-02-02,-4.080307722091675,-0.163212308883667,25,304.36572265625,305.97756540493566,299.91861310216416,300.64685370133134,36636000.0,307.2699727376302,0.022673441032907176,39298450.0,0.9322505086078459,0.01522213903520142,0.2855742753521085,0.008889718386656583
2022-02-03,2.4711663722991943,0.010886195472683675,227,292.5099792480469,302.20044499578506,291.2573970979892,300.51090662551127,43730000.0,306.4271545410156,0.018429870199230987,39931430.0,1.0951273220117586,-0.038952294971773105,0.29738312886251833,0.010340426174472051
2022-02-04,4.8081443309783936,0.048081443309783936,100,297.0638732910156,299.8408828984907,291.2670776055158,291.5001050880501,35096500.0,305.5448476155599,0.020935236297544093,40273596.666666664,0.8714518420215595,0.015568337376643981,0.29596560670509225,-0.012187696886390176
2022-02-07,0.8427910208702087,0.04435742215106362,19,292.2186584472656,298.9087459627219,291.1991039378543,297.2872136622015,28533300.0,304.4528086344401,0.02300581803127639,40570780.0,0.7032968062235925,-0.01631034696367617,0.29773062951960755,-0.0009146490119902327
2022-02-08,-0.014067351818084717,-0.0006394250826402144,22,295.7239074707031,296.6948948289947,291.24766997242665,292.50994168533265,32421200.0,303.22645161946616,0.02423273963661775,40986586.666666664,0.7910197612617331,0.011995295037158238,0.29074396944033504,-0.009125040721289031
2022-02-09,-0.9441086053848268,-0.09441086053848267,10,302.1810302734375,302.880142501978,298.47188031442045,300.8799104988018,31284700.0,302.25416870117186,0.02126538948481399,41507360.0,0.7537145219546606,0.02183497052355854,0.300046938541519,-0.011817845739032825
2022-02-10,0.0,0.0,3,293.6072082519531,300.151654592336,291.9759563455613,295.2190510757167,45386200.0,300.9734354654948,0.016826850304323286,42518833.333333336,1.0674375668821268,-0.028373131211201774,0.30852779228166044,-0.022133933367322674
2022-02-11,-2.768564522266388,-0.2516876838423989,11,286.4801940917969,295.4618295263202,285.68397713614587,294.3937372238847,39175600.0,299.5402587890625,0.008437260842909989,43291536.666666664,0.9049251427973489,-0.024273975433329098,0.31399032579353003,-0.03477327264714152
2022-02-14,0.0,0.0,8,286.4413146972656,288.15026219267463,282.89721622151654,285.2469893955168,36359500.0,298.2028849283854,0.006362354078023671,43903493.333333336,0.8281687227925978,-0.00013571407494505916,0.3139484268928666,-0.03632844342895347
2022-02-15,-0.33138608932495117,-0.02761550744374593,12,291.7525634765625,292.07297625647465,288.4026453438453,291.3059176029274,27058300.0,297.09336853027344,0.0031034806385262523,43843266.666666664,0.6171597615141208,0.01854218824861298,0.3207611319275921,-0.04714229353660059
2022-02-16,0.0,0.0,14,291.4120178222656,292.7450162914017,285.74917949808884,290.31252866350303,29982100.0,296.1582814534505,0.0007300572789154348,43753526.666666664,0.6852499051885951,-0.0011672413439625107,0.3181410408925244,-0.05347906812960968
2022-02-17,1.7992801070213318,0.138406162078564,13,282.8788757324219,288.78493341445846,282.1685786207332,288.35681319555755,32461600.0,295.34754231770836,0.00023827593719152792,43500436.666666664,0.7462361872076227,-0.02928205279113838,0.31030356022117644,-0.03361541282086623
2022-02-18,1.5647504925727844,0.1203654225055988,13,280.154541015625,285.9243962532494,278.57829331636475,285.1362724036193,34264000.0,294.5269073486328,0.008336539861129985,43321033.333333336,0.7909321953693009,-0.00963074640954753,0.3106025198995013,-0.0029330866717117332
2022-02-22,0.9085739254951476,0.18171478509902952,5,279.9502258300781,283.6670752272365,276.8171795869096,277.3036772663242,41736100.0,293.6942840576172,0.01572090249581529,43621570.0,0.9567766588868764,-0.0007292945700833053,0.3105148787140709,0.02302616834243534
2022-02-23,0.7065755724906921,0.1009393674986703,7,272.70135498046875,283.8227127228963,272.5359624242188,282.34374100984417,37811200.0,292.612587483724,0.013382473977858533,43405626.666666664,0.8711128695450238,-0.025893427405231817,0.3174987012220488,0.07340146139115952
2022-02-24,-1.8505560159683228,-0.18505560159683226,10,286.6346435546875,287.18925792799297,264.1876378573289,265.1509232671374,56989700.0,291.97235412597655,0.0007710239547372312,44325723.333333336,1.2857026510640885,0.051093580283884776,0.35463317905511266,0.04696494687732634
2022-02-25,0.7616674900054932,0.07616674900054932,10,289.2812194824219,289.5925850932438,283.7740627265268,287.169836388477,32546700.0,291.31385294596356,0.001717655141784945,44264873.333333336,0.7352715042220836,0.009233273043736112,0.3542832216689256,0.06179098351222566
2022-02-28,0.8527990579605103,0.1421331763267517,6,290.7212829589844,291.0618372631697,285.08763168422934,286.36225319102664,34627500.0,291.1393280029297,-0.002208302935327889,43906923.333333336,0.788656944535019,0.0049780745502214785,0.33336024005276155,0.0820957229874759
2022-03-01,0.0,0.0,2,286.9849853515625,291.8694112336757,284.2605806030305,288.39581076836447,31217800.0,290.6654815673828,-0.004479385380755113,43619303.333333336,0.7156877257171538,-0.012851820029801564,0.33070114436492426,0.062323414119109626
2022-03-02,-1.8816317319869995,-0.3763263463973999,5,292.08349609375,293.3289290375928,285.7687653503751,287.3839116095216,31873000.0,290.6059549967448,-0.014918525921968014,43270630.0,0.736596624546488,0.017765775223194114,0.3278256196689934,-0.008632552867033056
2022-03-03,2.134331524372101,0.2667914405465126,8,287.9287414550781,294.9440282601711,286.1092155593134,294.71051892315563,27314500.0,290.38592529296875,-0.0033879739618970857,42649983.333333336,0.6404340134560428,-0.014224544331454925,0.3303122208475697,0.0035212550540359593
2022-03-04,-0.9626681208610536,-0.07405139391238874,13,282.03240966796875,287.6758003493623,279.41507957083144,286.34280150971523,32356500.0,290.0253438313802,0.00029312513634690565,42549176.666666664,0.7604494971426397,-0.02047844114940256,0.3350583709110757,-0.021477425147543906
2022-03-07,-0.18560564517974842,-0.01427735732151911,13,271.3780822753906,281.86696885975545,271.0083393654953,280.7382909166113,43157200.0,289.4898986816406,0.00463258689469762,42054936.666666664,1.026210081876238,-0.03777696118372087,0.34820201784897886,0.002919466891786547
2022-03-08,-0.9731664061546326,-0.08109720051288605,12,268.4007263183594,276.29170297461434,262.7086985771629,270.2980491031206,48159500.0,288.8442057291667,0.0028969605349169905,40802536.666666664,1.180306518524461,-0.010971246948417446,0.34911630964083273,-0.019546811610132792
2022-03-09,-0.3219225108623506,-0.005030039232224228,64,280.7091064453125,281.7794070706236,273.1975825478418,275.78575326233744,35204500.0,288.86383768717445,0.0027049178619103368,39547733.333333336,0.890177439583558,0.04585822212848156,0.3675869337914783,-0.040570128118557924
2022-03-10,0.20274487137794495,0.006758162379264831,30,277.8776550292969,278.8603895397049,273.0029402871928,275.3770506040036,30628000.0,288.523036702474,-0.003929086883308152,37554370.0,0.8155642073079644,-0.01008678147948594,0.35880139226087565,-0.03960467635009152
2022-03-11,0.8411670923233032,0.0647051609479464,13,272.5067443847656,281.6918204908047,271.8840132688188,280.1836602719386,27209300.0,287.901899210612,-0.0006204510860520744,36678636.666666664,0.741829644522411,-0.019328328663076544,0.36091816910785696,0.02339982469924367
2022-03-14,0.0,0.0,4,268.97479248046875,277.69282106161535,268.3715402141121,272.7694677796933,30660700.0,286.8905049641927,-0.002514894982133787,36042536.666666664,0.8506809685333839,-0.012960970607428068,0.35069605089968847,-0.014713238235972417
2022-03-15,1.6889052391052246,0.3377810478210449,5,279.39556884765625,280.04748870402545,271.20296580090604,272.7792132914778,34245100.0,286.1384338378906,0.011263180792376915,35635890.0,0.9609722108806599,0.03874257610197507,0.36989473619886776,0.044119967725946674
2022-03-16,-0.8944202065467834,-0.0993800229496426,9,286.4400329589844,286.6151649451855,275.5522157483522,281.3025904827937,37826300.0,285.6930318196615,0.005543426247454529,35531753.333333336,1.0645773555034248,0.025213227755839007,0.37803052516026586,0.031962444064786176
2022-03-17,-0.5572798252105713,-0.05572798252105713,10,287.24761962890625,287.6270722839405,281.5555922557569,285.36974617952256,30816600.0,285.12242838541664,0.009126237126208192,35337773.333333336,0.8720583413480494,0.0028193917644099287,0.3750326782264662,0.03558661806361888
2022-03-18,0.0,0.0,9,292.3169860839844,292.8716005603134,284.82493969968124,287.3936319849258,43390600.0,285.1159952799479,0.008763363943785402,35326460.0,1.2282747832644425,0.017648071241207264,0.3617674315859204,0.036305195096793766
2022-03-21,0.6722687482833862,0.22408958276112875,3,291.0813293457031,292.0348755991521,286.93635912767775,290.81863125756865,28351200.0,284.9165771484375,0.014630301925496896,35101616.666666664,0.8076892944626958,-0.004227112337311212,0.35901182250986763,0.06735254086563147
2022-03-22,0.695979118347168,0.07733101314968532,9,295.8488464355469,296.76346407735963,290.70169476082606,291.7038783862018,27599700.0,285.03758341471354,0.015729421625450952,35070496.666666664,0.7869777340858874,0.01637864269948275,0.3589500345903789,0.06915623403730846
2022-03-23,0.0,0.0,3,291.4022827148437,295.041304451988,289.6800921382554,292.39475668563443,25715400.0,284.8935292561849,0.015750735794872295,34846970.0,0.7379522523766054,-0.01502984978402444,0.3600761166247938,0.06915623403730846
2022-03-24,0.0,0.0,3,295.8878173828125,295.9851228320078,290.2639068633917,291.0617699759575,24484500.0,284.6837554931641,0.018897764479488384,34620296.666666664,0.707229641494503,0.015392929067608474,0.3571155415120203,0.02090179863430205
2022-03-25,-0.8535987734794617,-0.08535987734794617,10,295.4792175292969,297.2500761733561,291.2077834301225,296.987378121376,22566500.0,284.74615580240885,0.016052435234556846,33859640.0,0.6664719412256007,-0.0013809282758910912,0.3472127115998965,0.02290467657740154
2022-03-28,0.7750844359397888,0.1107263479913984,7,302.30963134765625,302.4069071163755,296.1116267591082,296.1116267591082,29578200.0,285.2738037109375,0.02813290296235009,33539726.666666668,0.8818855411065762,0.02311639334729909,0.3450594947928068,0.046683866650609473
2022-03-29,0.0,0.0,16,306.8924255371094,307.2913571400481,300.7041605046977,305.4329327088514,30393400.0,285.95550740559895,0.02813290296235009,33340856.666666668,0.9115962527257597,0.01515927285883567,0.347070396892828,0.046683866650609473
2022-03-30,0.0,0.0,2,305.3842163085937,307.41780212109006,303.1657887520506,305.2869405570279,28163600.0,286.40989583333334,0.02905341987714162,33377700.0,0.8437849222684607,-0.004914455695268716,0.3443144246691895,0.014671069113305363
2022-03-31,0.0,0.0,10,299.984130859375,306.6297043298301,299.5754895267012,305.42317015815905,33422100.0,286.6956329345703,0.02905341987714162,33492366.666666668,0.9979020095126153,-0.017682922563888703,0.34882757685429916,0.003623781520493175
2022-04-01,-0.34538424015045177,-0.026568018473111674,13,301.064208984375,301.7550273107037,297.2889825923941,301.01554140488423,27110500.0,287.3018107096354,0.023554280525419097,33313996.666666668,0.8137870778838804,0.003600450870203886,0.33666671526196273,-0.00017164968995134994
2022-04-04,1.582733690738678,0.19784171134233475,8,306.4643249511719,306.6005288499604,301.3463602694202,301.71610322728264,24289600.0,288.178803507487,0.02613682348664363,32981516.666666668,0.7364609773858186,0.017936758358005678,0.3376607970684623,0.028091451930382184
2022-04-05,1.7185218930244446,0.15622926300222223,11,302.4847106933594,306.3669515025398,301.5019761753652,304.8101534591533,23156700.0,288.92995300292966,0.02528730608341672,32362203.333333332,0.7155476949911013,-0.012985571023467646,0.34075860911512934,0.06260418626612053
2022-04-06,0.613831639289856,0.051152636607488,12,291.4120178222656,298.70948070596177,288.697353315364,296.9483620388393,40110400.0,289.5536417643229,0.023627748387043977,32438843.333333332,1.236492916465476,-0.03660579354808635,0.34989029122253235,0.05409365606841904
2022-04-07,0.0,0.0,4,293.2315979003906,295.4500260654248,288.3471720326163,288.6487982094901,31411200.0,289.77354024251304,0.02979626844027172,31586226.666666668,0.9944587662048479,0.006244011800621063,0.31843747233092773,0.05409365606841904
2022-04-08,-0.8492898941040039,-0.09436554378933376,9,288.9504089355469,292.98833340111605,288.27903981815683,292.3267037384144,24361900.0,289.76251322428385,0.02411185868060895,31313400.0,0.7780023887536965,-0.014600026039138014,0.32053702221310904,0.040612864098514216
2022-04-11,0.6915254592895508,0.08644068241119385,8,277.5566711425781,284.708163419004,277.3036828422877,283.9103297757524,34569300.0,289.3236928304037,0.022255442216757022,31311460.0,1.1040462501588875,-0.03943146450265189,0.3399861197714135,0.05296153301439905
2022-04-12,-0.570373147726059,-0.07129664346575737,8,274.44305419921875,282.8886463462349,272.9154444392271,281.42915338423376,30966700.0,288.90562845865884,0.01987888743456511,31303090.0,0.9892537765441047,-0.01121795030377759,0.33953732013903043,0.046571729444021104
2022-04-13,2.6357423961162567,0.1464301331175698,18,279.8528747558594,280.78694183396783,273.70353796361,275.0949436670491,21907200.0,288.49794108072916,0.03730410341839743,30970896.666666668,0.7073479413845407,0.019711996619574235,0.34053075233801244,0.03922721826905468
2022-04-14,0.0,0.0,12,272.27325439453125,280.5242650057642,271.7770469964598,280.31020485779595,28221600.0,287.97609151204426,0.028411055400180348,31001133.333333332,0.9103409122677236,-0.027084304093500933,0.34678614146902004,0.016908752125880076
2022-04-18,0.0,0.0,9,272.94464111328125,274.8322544416231,270.8235184060801,271.378132874332,20778000.0,287.6731658935547,0.030879435197259976,30615183.333333332,0.6786828539869378,0.002465856296619995,0.34229716243376707,0.009601232610524646
2022-04-19,0.5445305109024048,0.07779007298605782,7,277.59552001953125,278.4420507901121,270.8915984998425,271.8354050361262,22297700.0,287.8804138183594,0.03394834954084587,29919866.666666668,0.7452473050236409,0.017039641765011604,0.32748216099713073,0.02071410017996148
2022-04-20,0.5244845747947693,0.023840207945216785,22,278.6268310546875,281.8766604511875,277.6635755165915,281.58474413814736,22906700.0,288.221283976237,0.03744626315611596,29078106.666666668,0.787764494524632,0.003715157345059783,0.32559310706913985,0.03760063614204013
2022-04-21,-0.2651498317718506,-0.01893927369798933,14,273.22674560546875,285.3794446334665,272.4969992966275,280.7869066754208,29454600.0,287.9718719482422,0.036982622007257125,28886443.333333332,1.0196686265633488,-0.019381067604931634,0.3023445566857328,0.0225463566978711
2022-04-22,0.6400106549263,0.04000066593289375,16,266.6298522949219,275.55223063550807,265.99741140383605,274.0732590451422,29405800.0,287.59694519042966,0.03809070545904476,28845703.333333332,1.0194169876946435,-0.024144390754749168,0.30880339563270176,0.038445972326249835
2022-04-25,-4.475777268409729,-0.22378886342048646,20,273.1392517089844,273.5187044491458,263.4579362455127,265.9099034942464,35678900.0,287.61802876790364,0.028474237980096993,29128023.333333332,1.22489945821933,0.024413618197794307,0.31248231579738733,-0.014442455750615344
2022-04-26,-0.877043128013611,-0.06264593771525792,14,262.9227600097656,270.8429253729996,262.70869988138327,270.00616376697724,46518400.0,287.4162943522135,0.026386040056255066,29656613.333333332,1.568567505572675,-0.03740396751948305,0.3290627657248698,-0.023391875424223618
2022-04-27,-3.351405620574951,-0.2578004323519193,13,275.5716857910156,283.1123981548155,271.62132788300465,274.4819359810064,63477700.0,287.28883158365886,0.0065333240504895935,30631033.333333332,2.0723329607990153,0.04810890384986144,0.33972817563623425,-0.06022050861735495
2022-04-28,-21.084813833236694,-0.18659127286050173,113,281.80859375,283.1221431584585,273.85921020488007,277.4884928517332,33646600.0,287.1344502766927,0.0036262823867942895,30491710.0,1.1034671391010868,0.022632615325052896,0.3381267905615586,-0.09798927230972061
2022-04-29,-19.50960186123848,-0.2408592822375121,81,270.02557373046875,282.0518079064076,269.0331294759327,280.8160851975912,37073900.0,286.5603820800781,-0.0025447609370875435,30700286.666666668,1.2076076162589577,-0.04181213873833911,0.358642501580195,-0.1358034851929676
2022-05-02,-4.604603588581085,-0.21926683755148024,21,276.7879638671875,277.2452728288892,268.7607529412359,270.21050638231907,35151100.0,286.0427480061849,-0.009853655522136883,30425636.666666668,1.1553118965135871,0.025043517335394228,0.3627463650131171,-0.16442170860060917
2022-05-03,0.11234104633331299,0.008641618948716383,13,274.1706237792969,276.45716875082513,272.58463663535474,276.29174647907155,25978600.0,285.47905782063805,-0.017035254315883964,30346550.0,0.8560643631648408,-0.009456119591769951,0.3633958581592562,-0.16890157245549164
2022-05-04,2.4030373096466064,0.1501898318529129,16,282.149169921875,283.0248596977465,269.2569830130294,274.9587208572136,33599300.0,285.02240193684895,-0.014606627025776376,30546536.666666668,1.0999381162796307,0.029100660138559276,0.3707046060725929,-0.11547604455929171
2022-05-05,-0.10578066110610973,-0.00813697393123921,13,269.8602600097656,278.617217956907,266.9315345722031,277.82909411714115,43260400.0,284.30433451334636,-0.014877859490151019,31131370.0,1.389607974207367,-0.043554655558661004,0.38865887414473826,-0.10768904973300333
2022-05-06,-1.9854105710983276,-0.1323607047398885,15,267.3110046386719,271.7089326257257,263.9444195820846,267.3888311961461,37780300.0,283.3517740885417,-0.019289882981480638,31574563.333333332,1.1965422799724124,-0.009446575686992587,0.385506642395053,-0.08976908864557036
2022-05-09,-1.846629798412323,-0.09719104202170122,19,257.4350891113281,265.0049915252708,256.20913519772483,262.76711416308353,47726000.0,282.08363647460936,-0.01968425513727247,32413213.333333332,1.4724242088925874,-0.036945413230155544,0.3977200943414344,-0.0769976270971703
2022-05-10,0.6023617386817933,0.05476015806198121,11,262.22222900390625,266.3574589603686,257.91186702277696,264.353091051066,39336400.0,280.7473897298177,-0.021549794801586374,32738486.666666668,1.2015338522061598,0.01859552211434523,0.39522207473046744,-0.034766278482956964
2022-05-11,-4.413913607597351,-0.1576397716999054,28,253.51385498046875,264.03192936850564,252.2976111363992,258.5053244674825,48975900.0,278.9681040445964,-0.026804453858249887,33357903.333333332,1.4681947936176245,-0.03320990007795177,0.3992314819682473,-0.025962411932731987
2022-05-12,-4.70285952091217,-0.23514297604560852,20,248.45431518554688,252.8619819864057,243.268249302566,250.7311202522036,51033800.0,277.0704406738281,-0.034642553059770174,34120243.333333336,1.4957044561913537,-0.019957646083334057,0.4012378603462665,-0.06078878264620697
2022-05-13,-1.1318479776382446,-0.08706522904909574,13,254.06851196289065,255.93667588620227,248.45434012557908,250.4003306028604,34925100.0,275.5399200439453,-0.037544727361406696,34170343.333333336,1.0220880621334114,0.02259649534825381,0.4084390732042207,-0.09468236277506535
2022-05-16,0.0,0.0,8,254.4382781982422,258.6416251404144,248.87274373595716,252.9398570793875,32550900.0,273.98572235107423,-0.03665912674563631,34351690.0,0.9475778338707644,0.0014553800173613407,0.40808456070543664,-0.09351993792774546
2022-05-17,0.9318117499351501,0.08471015908501366,11,259.6146240234375,261.08382679685826,255.37234889589155,258.92377595200503,28828800.0,272.42406565348307,-0.040430178487547014,34502996.666666664,0.8355448159623624,0.020344210241676874,0.40933210008537385,-0.06250981452418801
2022-05-18,-5.084987461566925,-0.26763091902983815,19,247.79440307617188,257.0788952006077,246.5168131016613,256.49373244403006,31356000.0,270.6010553995768,-0.05455885122194902,34776306.666666664,0.9016483636560219,-0.04552987333332392,0.42527323104701986,-0.08685836838249328
2022-05-19,-5.713556706905365,-0.38090378046035767,15,246.87767028808597,251.29561812245225,245.6488462809221,247.6188635950773,32692300.0,269.1165771484375,-0.06896073179087721,34529036.666666664,0.946806026348259,-0.0036995701949091853,0.4154616934599626,-0.14909607388568455
2022-05-20,-1.9184184074401855,-0.17440167340365323,11,246.31201171875,252.1440854849092,240.3434168359691,250.8762278335101,39199300.0,267.55259094238284,-0.07477412090433232,34788640.0,1.1267844905693354,-0.002291250434581227,0.4141566422796097,-0.15149063127193424
2022-05-23,-4.485687494277954,-0.3738072911898295,12,254.20188903808597,255.0308672167441,247.16050023264856,249.1695513045214,33175400.0,266.3943069458008,-0.08408884581768218,35082423.333333336,0.9456416304194873,0.03203204449625052,0.4270695723131571,-0.1712998191496801
2022-05-24,-1.3861917853355405,-0.0815406932550318,17,253.1974029541016,254.86509189810624,247.22880693335125,251.51021949332417,29043900.0,265.58233133951825,-0.08968822500655636,34898243.333333336,0.8322453288718543,-0.003951528793847303,0.413593573035476,-0.17051059975052812
2022-05-25,2.1221182346343994,0.21221182346343995,10,256.0256042480469,258.0346402901023,250.76896093804436,251.7539844462051,28547900.0,264.9684163411458,-0.08023794277558312,34817616.666666664,0.8199268856713819,0.011169945903662937,0.4146883544645219,-0.1401946249700367
2022-05-26,-0.16332340240478516,-0.013610283533732096,12,259.3219909667969,260.5020488847592,254.96257147531688,255.7817874502951,25002100.0,264.2840535481771,-0.08557262333062653,34920780.0,0.7159662527583862,0.012875222884178195,0.4120454846948087,-0.15424040248700036
2022-05-27,3.2613828778266907,0.1417992555576822,23,266.4804077148437,266.57793980454977,260.9409302658759,261.8381838235103,26910800.0,264.09095865885416,-0.08084598147870378,34877086.666666664,0.7715896759725536,0.027604356735651425,0.413838325823987,-0.09575037754592604
2022-05-31,0.9449779391288757,0.05558693759581622,17,265.14434814453125,267.9726006369589,262.27707685726034,265.7880243276553,37827700.0,263.83094889322916,-0.07899308355884324,35445410.0,1.0672101126774949,-0.005013725330764829,0.41395812656331227,-0.033394560680758335
2022-06-01,-0.22150671482086204,-0.011658248148466423,19,265.68072509765625,270.8203419884705,263.35959819128334,268.3919506135823,25292200.0,263.4337890625,-0.0819746942633274,35545226.666666664,0.7115498302256806,0.002022962046442034,0.41066122015417045,-0.010145499930017359
2022-06-02,0.7896866202354432,0.037604124773116344,21,267.7873229980469,267.8555984545972,255.1284461961184,257.9079477705628,44008200.0,263.0724721272787,-0.08151589703573073,36248610.0,1.2140658634910415,0.007929058081335372,0.41127495279734994,0.04862755949326063
2022-06-03,-1.5048725008964539,-0.07166059528078352,21,263.34002685546875,266.6851954970703,261.76987055975866,263.62286094596334,28059000.0,262.742914835612,-0.08327327442182388,36202090.0,0.7750657489664271,-0.016607567874340923,0.41027491186905496,0.05003900206101038
2022-06-06,-0.3087158799171448,-0.0075296556077352386,41,262.1015014648437,267.3971637281567,260.60935271212526,265.3296143204805,22400300.0,262.5919698079427,-0.08485761847317817,35968573.333333336,0.6227742143789967,-0.004703141430546065,0.40453405224114175,0.018647362193699637
2022-06-07,1.807676613330841,0.164334237575531,11,265.7587585449219,266.3731780514668,259.3610454908683,260.0437404453891,22860700.0,262.3459533691406,-0.07192018177331091,35541300.0,0.6432150765447522,0.013953590725876541,0.4001029236057798,0.0440680080664515
2022-06-08,0.4686316251754761,0.03905263543128967,12,263.7204284667969,266.24635182283305,262.94020151963724,264.9882563323359,17372300.0,262.37254231770834,-0.06853022933509267,34569763.333333336,0.5025287512815871,-0.007669850993002991,0.38534688263607597,0.029389919476966862
2022-06-09,0.8037582635879517,0.10046978294849396,8,258.239501953125,265.9635563970034,258.08345654098554,261.1555243257694,26439700.0,261.7948028564453,-0.0565878888250789,33335163.333333332,0.7931474562046544,-0.020783094224200105,0.3622464990279601,0.0358017545273494
2022-06-10,-0.2887944579124452,-0.020628175565174656,14,246.7313690185547,254.1335840539714,246.28274225937133,254.1335840539714,31422800.0,260.6255620320638,-0.05105578558190133,33261036.666666668,0.9447330314719595,-0.04456379774407726,0.3748211733899076,0.0345203363249625
2022-06-13,0.7514171600341797,0.05009447733561198,15,236.26683044433597,242.85960728455797,235.55489376186935,239.04633149317976,46135800.0,259.5002705891927,-0.04135732692946385,33563100.0,1.3745988898522485,-0.04241267989491748,0.37534921116308734,0.03630467240531903
2022-06-14,0.381822407245636,0.07636448144912719,5,238.44168090820312,239.6607577393155,235.5353910282888,237.8272614233036,28651500.0,258.22206115722656,-0.03150294962944361,33346446.666666668,0.8592069879709322,0.009205060480885097,0.36735965377937735,0.057451111938163414
2022-06-15,0.562018871307373,0.1124037742614746,5,245.53179931640625,248.9842329301452,240.3239071262525,242.16715053653425,33111700.0,257.26743367513023,-0.028044211119018333,33584216.666666664,0.9859303948829138,0.02973523077507889,0.38028109760416784,0.07458445906233624
2022-06-16,-0.17768484354019165,-0.016153167594562878,11,238.9098052978516,241.2991929411064,237.0080483932736,239.8948140327076,33169200.0,255.82612152099608,-0.033588977767267526,33569880.0,0.9880643004979464,-0.02697000566521801,0.37331061226012957,0.048800544038037116
2022-06-17,-0.06047332286834717,-0.006719258096483018,9,241.5234832763672,244.30298425938648,237.9930417189488,238.64646508071192,43084800.0,254.88156229654948,-0.03354172057277565,33564026.666666664,1.2836600455567113,0.010940019708513438,0.35782350772154475,0.042261702105498164
2022-06-21,0.028048932552337646,0.00560978651046753,5,247.4628143310547,248.44782291350015,243.33744820562424,244.0688942004628,29928300.0,254.21995595296224,-0.028942704197763784,33302293.333333332,0.898685856269358,0.024591112110996294,0.3663581663215285,0.02871027404292296
2022-06-22,-0.22322309017181385,-0.07440769672393795,3,246.8679351806641,250.807999765496,244.1762040592044,245.65860562744965,25939900.0,253.86771748860676,-0.02818325935450501,32576090.0,0.7962864788254207,-0.0024039132990493206,0.35135132504873196,0.021027485305956776
2022-06-23,0.24816089868545543,0.03102011233568193,8,252.45616149902344,252.95355435633135,247.35556322748172,249.2475727977944,25861400.0,253.54218190511068,-0.028974594212048323,32126923.333333332,0.8049759303645323,0.022636501229978512,0.3535139983879238,0.01830257602025248
2022-06-24,2.323464870452881,0.2904331088066101,8,261.0775451660156,261.35061722658685,255.24547001777492,255.333239991249,33923200.0,253.79430491129557,-0.014038831528497803,31625166.666666668,1.072664702689314,0.034150022783363765,0.3541260025247883,0.0488838084998929
2022-06-27,0.7354555130004883,0.14709110260009767,5,258.33697509765625,261.662589875894,256.7667889581559,261.57481993208773,24615100.0,254.12372690836588,-0.0012976955736409288,30744543.333333332,0.8006331313209727,-0.010497149674885575,0.35024935833530885,0.0538391411196962
2022-06-28,-0.8258391618728638,-0.11797702312469482,7,250.1350555419922,260.3070248398186,249.97901014588223,257.4495160699315,27295500.0,253.99261169433595,-0.002328088709494232,30490223.333333332,0.8952213862651274,-0.0317489184525892,0.3572030970022921,0.03929287604396307
2022-06-29,-1.0681975185871124,-0.11868861317634583,9,253.8215484619141,255.48923716820215,249.43285716002453,251.21758735681783,20069800.0,253.97205403645833,-0.006284375815372427,30074186.666666668,0.667343068075213,0.014738009880038705,0.35982651587094827,0.02329725388969695
2022-06-30,-1.939616858959198,-0.21551298432879978,9,250.4763946533203,253.10961257371625,246.643624151786,250.6909533710016,31730900.0,253.66744639078777,-0.016291813929166208,30170923.333333332,1.051704637920152,-0.01317915609948983,0.3565964894002428,-0.008291713373055528
2022-07-01,-3.3647459745407104,-0.3738606638378567,9,253.15835571289065,253.34365777058397,248.3113199662267,250.047299049122,22837700.0,253.84624481201172,-0.019832805422766827,29886980.0,0.7641354195037438,0.010707440368911358,0.3318952649900211,-0.05107070867504392
2022-07-05,-0.54819256067276,-0.06091028451919556,9,256.3475036621094,256.4742924252785,248.43813191819905,249.8230015296174,22941000.0,254.16190592447916,-0.009166355558061423,29561936.666666668,0.7760317011255803,0.01259744297294918,0.3332794580209689,-0.06420362251145499
2022-07-06,2.371514916419983,0.23715149164199828,10,259.6243591308594,261.36032343408743,255.90861514607,257.2252241415935,23824400.0,254.60565083821615,0.004552083276793627,29049440.0,0.8201328493767867,0.012782864751705203,0.33466195515093194,-0.07181528210639954
2022-07-07,0.0,0.0,7,261.7601623535156,262.4038384700445,258.4637739518754,258.56130604758283,20859900.0,254.8575932820638,0.01701232631645461,28638923.333333332,0.728375845600341,0.008226513220124021,0.3229898859983553,-0.09282829676355633
2022-07-08,-0.6062934398651123,-0.055117585442282936,11,261.0384521484375,261.4675695162726,256.7765648822066,258.2394568827498,19658800.0,255.11896158854168,0.017893096576879576,28326086.666666668,0.6940175051830904,-0.002757143022028785,0.3228435509930057,-0.08384837709464035
2022-07-11,-0.9024251103401184,-0.0564015693962574,16,257.96636962890625,259.9363866918104,255.69399418885052,259.0781520069453,19455200.0,255.18365376790365,0.008939316814889662,28022996.666666668,0.6942583704169635,-0.011768697271405615,0.3235439120891099,-0.07495022798319916
2022-07-12,-2.807443618774414,-0.2807443618774414,10,247.39454650878903,259.36100751938403,245.80486573573236,259.30249421900527,35868500.0,254.78607228597005,3.4847536766019484e-05,28385210.0,1.263633420362224,-0.04098140054195887,0.34266442028099675,-0.08426899620443369
2022-07-13,0.02581554651260376,0.00860518217086792,3,246.4680328369141,247.27750148823952,241.97207772326223,244.00062297935975,29497400.0,254.1189931233724,-0.004404954909461124,28471430.0,1.0360350709465593,-0.003745085269460602,0.3315174053262541,-0.029631018203187302
2022-07-14,0.7444432973861694,0.1240738828976949,6,247.79440307617188,248.8281777156596,239.8557763630804,244.3712411297217,25102800.0,253.54066162109376,-0.0021220567327318337,28047266.666666668,0.895017696317407,0.005381510226664776,0.3321698794261646,-0.00320470857220295
2022-07-15,-2.7285621762275696,-0.19489729830196925,14,250.36911010742188,253.9288082977264,248.46735333614535,249.393848698428,29774100.0,253.0302744547526,-0.008230025071181929,28196663.333333332,1.055944089838526,0.010390497118930142,0.3339397796134215,-0.06492596427848403
2022-07-18,-0.7005943357944486,-0.07005943357944486,10,247.960205078125,254.38717398041587,247.03370974632665,253.3241426511031,20975000.0,252.36937052408854,-0.011818810349600636,27428890.0,0.7647046599406684,-0.009621414671575623,0.3333879960587413,-0.0749344547898333
2022-07-19,0.6501046419143677,0.08126308023929596,8,253.10958862304688,253.2948906690836,247.40430351046797,251.207816997982,25012600.0,252.02835591634116,-0.006721354498931321,27327343.333333332,0.9152957056564713,0.020766975665710063,0.3370720650875618,-0.055451502549607734
2022-07-20,0.5324549078941345,0.05916165643268161,9,255.7818603515625,258.31754657545594,252.50499551769903,253.47049502006536,22788300.0,251.8177012125651,-0.0044983107642507575,27340276.666666668,0.83350656168683,0.01055776568186606,0.33855321770318375,-0.038942470288330734
2022-07-21,4.3265315890312195,0.2704082243144512,16,258.2882995605469,258.33708050208395,250.67150822662933,253.36323998539388,22404700.0,251.56868591308594,-0.0009625112062867498,27325076.666666668,0.8199318257478508,0.009799128075538066,0.337213714326178,0.039793613453368216
2022-07-22,0.673139750957489,0.05609497924645742,12,253.91905212402344,258.7661026310825,252.66098630595368,258.6783326737253,21881300.0,251.24197336832682,-0.00039443307911449254,27475376.666666668,0.796396725164702,-0.01691616478159208,0.3399212526133742,0.04657787017845243
2022-07-25,-0.7883542776107788,-0.03583428534594449,22,252.42691040039065,255.03087159212205,250.45689296726155,254.5432408625004,21056000.0,251.048220316569,-0.00493790202226244,27295920.0,0.7713973370379162,-0.005876446494073928,0.3351085209555827,0.023733846143646802
2022-07-26,-5.108545005321503,-0.2688707897537633,19,245.6683654785156,253.4509629497861,243.39601928294323,253.4314386717432,39348000.0,251.01278686523438,-0.013212655828548728,27560093.333333332,1.427716500234397,-0.026774264721439178,0.3183482181829492,0.013166204507676225
2022-07-27,1.742729902267456,0.13405614632826585,13,262.0917663574219,263.3693565432231,252.4464455853136,254.69929727249695,45994000.0,251.87361806233724,-0.0104139335287936,27555366.666666668,1.6691485385182074,0.06685191578051408,0.34784117811390536,0.042325573065920614
2022-07-28,11.846409976482391,0.12212793790188033,97,269.572021484375,270.9666382175285,261.24328035182674,263.07677664337115,33459300.0,252.91129608154296,-0.008888484980368493,27715626.666666668,1.2072359179322183,0.02854059565057865,0.35494489787107153,0.048163409874861236
2022-07-29,1.2490862011909485,0.048041776968882635,26,273.7948913574219,275.0237303147809,269.78658106335865,270.830117963255,32152800.0,253.85339914957683,-0.011033884890121559,27683663.333333332,1.161435884147799,0.01566508961053903,0.3484803625628404,0.046574855665747095
2022-08-01,0.5092034339904785,0.046291221271861686,11,271.1324157714844,274.32150965184684,269.0160855594384,270.9471137351139,21539600.0,254.92748616536457,-0.008952405261240741,27296010.0,0.7891116687017626,-0.009724343550522319,0.3386645811576642,0.014558140945377163
2022-08-02,-0.4260099530220032,-0.06085856471742902,7,268.0213317871094,271.01539127951946,265.6416917082196,269.1721330389586,22754200.0,255.8107477823893,-0.010757048815272275,26618323.333333332,0.8548322039317027,-0.011474408087733368,0.34115030071808106,-0.0021495081923209015
2022-08-03,4.426261842250824,0.3161615601607731,14,275.48211669921875,276.486634852269,269.76706884087804,269.9133818757628,23518900.0,256.7447245279948,-0.0004053230269287537,26404676.666666668,0.8907096381789943,0.02783653398915087,0.34300216963821545,0.04813561259435305
2022-08-04,-0.899071455001831,-0.11238393187522888,8,276.6329040527344,276.779187317559,273.2390132583336,274.8286644195843,18098700.0,257.7368901570638,-0.0016711975319717853,26143303.333333332,0.6922881844439195,0.004177357743958776,0.34249688552692054,0.07049087800557226
2022-08-05,0.5595521926879883,0.03730347951253255,15,275.91119384765625,276.6328777271908,271.7858275964847,272.24420162439264,16774600.0,258.5187245686849,-0.0014617519594100979,25840410.0,0.6491615264618479,-0.0026089094771624133,0.3383663931403532,0.05666906846046749
2022-08-08,0.9421576261520386,0.10468418068355984,9,273.3852844238281,278.8467542489701,272.41002301800336,277.0229904194802,18739200.0,258.9289825439453,-0.007653382896845107,25334276.666666668,0.7396777198954302,-0.009154791397201545,0.3270145650474875,0.05417710314356456
2022-08-09,-0.9660066962242126,-0.09660066962242127,10,275.3163146972656,276.07701749099675,270.74233579565794,272.72214524982263,23405200.0,259.494960530599,-0.015776441970929072,25293946.666666668,0.9253281153962528,0.007063402397489149,0.3252603383415976,0.033513896487664
2022-08-10,-2.869514226913452,-0.2207318636087271,13,282.0065612792969,282.6404751722234,279.8414800012585,281.041062115649,24687800.0,260.5573440551758,-0.019201603320396814,25207023.333333332,0.9794016403100353,0.02430021842108321,0.31462935170438494,-0.004632258495277252
2022-08-11,1.8959577083587646,0.2106619675954183,9,279.91949462890625,284.00584195935807,279.4221315920144,283.65476216861083,20065900.0,261.4272755940755,-0.008223250628004676,25206893.333333332,0.7960481180544793,-0.0074007733753528315,0.3147245819434268,0.03415638897798665
2022-08-12,0.8073980212211608,0.05382653474807739,15,284.68853759765625,284.68853759765625,279.84148761091336,281.34339838835007,22619700.0,262.5676803588867,0.0007547333412245634,24903186.666666668,0.9083054431052733,0.0170371948372956,0.31302640829663836,-0.0033200432238270233
2022-08-15,0.6763086318969727,0.09661551884242467,7,286.2099914550781,286.90241878136646,282.93309736302257,283.8010943775884,18085700.0,263.66940155029295,0.01643727276390061,24744786.666666668,0.7308893078622891,0.005344275081324623,0.31248212449100055,0.0265370211644092
2022-08-16,0.5443975329399109,0.03629316886266073,15,285.4687194824219,286.7658336452833,283.23539259166887,284.76653017389106,18102900.0,264.6401087443034,0.019677387876629152,24583516.666666668,0.7363836608676139,-0.0025899584039245083,0.31207091093669304,0.026392691071570367
2022-08-17,0.0,0.0,8,284.7162170410156,286.70019877418935,282.90814781798576,283.1720165832015,18253400.0,265.4765040079753,0.01177233815522921,24397816.666666668,0.7481571096867274,-0.0026360241597419565,0.31140351640188113,0.011437808116776107
2022-08-18,0.6185344457626343,0.20617814858754477,3,283.5923156738281,285.29286306667285,282.5269980125115,283.61185156800366,17186200.0,266.2042424519857,0.018644943108147367,24275360.0,0.7079689034477759,-0.003947444156388147,0.3117163034628968,0.054691925003914114
2022-08-19,0.8587630391120911,0.1431271731853485,6,279.6634216308594,282.69315545045663,279.0867995860452,282.35108343721635,20570000.0,266.82507476806643,0.025253101729068417,24305733.333333332,0.8463023813311538,-0.013854021515475545,0.31509414381990014,0.10667178740306778
2022-08-22,0.8975737094879149,0.11219671368598937,8,271.4538269042969,276.057049965206,270.9358423970251,275.685659219277,25061100.0,267.27465667724607,0.030873044498476644,24492596.666666668,1.023211231584401,-0.029355268124405365,0.32594442665628337,0.09260532255886364
2022-08-23,-0.49264222383499146,-0.041053518652915955,12,270.1735534667969,272.5386792676636,269.1571202381185,270.1735534667969,17527400.0,268.03395690917966,0.03886273927262749,23881226.666666668,0.7339405234348654,-0.004716358034441592,0.30043215086763947,0.0790510292158646
2022-08-24,-2.498948037624359,-0.22717709432948718,11,269.53826904296875,270.94562882196186,268.87366093981734,269.1668782921524,18137000.0,268.80296478271487,0.031003330055948984,23502546.666666668,0.771703605453253,-0.002351393819551628,0.30018284418754715,0.03279494161987718
2022-08-25,1.80044025182724,0.225055031478405,8,272.5289001464844,272.6950298023374,268.29703796509165,271.0433371485085,16583400.0,269.62744801839193,0.03436936834197266,23218566.666666668,0.7142301347915533,0.011095385876499941,0.3010064546557959,0.05976092199355493
2022-08-26,0.9400591254234314,0.11750739067792892,8,262.0127868652344,273.9850972197535,261.90529472128685,272.7536500390362,27549300.0,270.0155705769857,0.04478285797463592,23144406.666666668,1.1903221541504196,-0.03858714901648075,0.32366632014555935,0.07654769209040192
2022-08-29,-2.612813889980316,-0.3266017362475395,8,259.2176208496094,261.3384133088157,257.86889873044487,259.82356155223977,20338500.0,270.3908177693685,0.03623144788569944,23123190.0,0.8795715470054088,-0.01066805192626985,0.3239989106033507,0.00043627997110415713
2022-08-30,-0.9085344076156616,-0.3028448025385539,3,257.0089111328125,260.9964112336108,254.7512773552039,260.62505025169673,22767100.0,270.52079518636066,0.02342785179310445,23048340.0,0.9877978197128297,-0.008520677373542895,0.3201019826117103,-0.06327400227516762
2022-08-31,0.5412905216217041,0.10825810432434083,5,255.5428924560547,261.05502712342525,255.406051716846,259.3740454185862,24791800.0,270.51282958984376,0.02506440005615975,23115123.333333332,1.0725359169617237,-0.005704155043870118,0.31922046860855136,-0.0638366607554031
2022-09-01,-0.9083985090255736,-0.1135498136281967,8,254.4971466064453,254.97605937938332,249.62027139135876,253.00183042837665,23263400.0,270.386457824707,0.012265798791404823,23143746.666666668,1.0051700070458196,-0.0040922517529584646,0.31811312798118935,-0.07419327432330036
2022-09-02,-1.7541656494140625,-0.2192707061767578,8,250.2555084228516,258.7387389192011,248.7015548739836,255.76767255162795,22855400.0,270.2643397013346,0.003086942610630983,23176216.666666668,0.9861575048559119,-0.016666741612443303,0.3180007278080613,-0.07306379030148188
2022-09-06,-0.9754525423049928,-0.19509050846099857,5,247.50917053222656,251.98533510300723,246.22886881800437,250.39231001661847,21328200.0,270.1004150390625,-0.002221598159870821,23185290.0,0.9199022311129168,-0.010974135626156123,0.31911973657283516,-0.13308458172139667
2022-09-07,-0.38583987951278687,-0.03858398795127869,10,252.239501953125,252.96271777248035,247.47990196744675,248.92634851905373,24126700.0,270.3194529215495,0.005454628566878666,22677913.333333332,1.0638853604108784,0.019111742044654934,0.31391309236848547,-0.15538335009699775
2022-09-08,0.0,0.0,5,252.6597442626953,254.5264511221941,249.01430171793672,251.67265966820904,20319900.0,270.0050521850586,0.0009860903559364704,21822110.0,0.9311611022032241,0.0016660447959828684,0.24435101486826802,-0.10872595920449211
2022-09-09,0.4830672740936278,0.12076681852340695,4,258.46502685546875,259.2175910438313,254.3895720430781,254.5948032645478,22084700.0,269.6348190307617,0.0009407197099873579,21442956.666666668,1.0299279312694285,0.02297668197881797,0.23895751296946086,-0.04821001333849771
2022-09-12,0.0,0.0,9,260.6053771972656,261.38726010878645,259.14916314912176,259.7551037644358,18747700.0,269.1951685587565,-0.0006606728556420629,20996120.0,0.8929125952795088,0.008281005627092997,0.2353351281017814,-0.06367545681340354
2022-09-13,0.0,0.0,7,246.27777099609372,254.49711760874703,245.8868294468606,252.97248284897583,33353300.0,268.3666803995768,-0.0022037135647041193,21389910.0,1.5593006235182851,-0.054978167968984804,0.2811112428365092,-0.047454054866518304
2022-09-14,-2.8024266958236694,-0.3113807439804077,9,246.5025634765625,248.4669945133989,244.19606043381268,247.782865414468,23913000.0,267.6493881225586,-0.010554452873470075,21428536.666666668,1.1159418103056034,0.0009127599277822807,0.2801750336291742,-0.060612631695611145
2022-09-15,0.7742049098014832,0.15484098196029664,5,239.81759643554688,245.7011210386076,238.48842506446815,244.1080809128041,31530900.0,266.46057078043617,-0.015931805480152623,21695603.333333332,1.4533313278066633,-0.027119259721821276,0.27343284594798745,-0.010622418778283257
2022-09-16,-1.666108250617981,-0.18512313895755345,9,239.19212341308597,239.739426682432,236.57286716463537,238.72299354259303,39791800.0,265.21254475911456,-0.018356445716230112,22418706.666666668,1.7749373588604278,-0.0026081198033731656,0.27227389911124394,-0.03155658320775108
2022-09-19,-0.9987002611160278,-0.09987002611160278,10,238.9770965576172,239.58303730028243,235.3902918321884,236.97356405032403,26826900.0,263.98140818277994,-0.02292889590370129,22753783.333333332,1.179008326087896,-0.0008989713055785886,0.27243260858957835,-0.045823729795122906
2022-09-20,-0.9710202217102051,-0.12137752771377563,8,236.9540252685547,237.9899942990565,234.20772606919547,236.5826494298004,26660300.0,262.76703287760415,-0.03046428618361247,23017820.0,1.1582460893342637,-0.008465544682750514,0.27234054018301007,-0.08041577925757756
2022-09-21,-0.41820660233497625,-0.0697011003891627,6,233.53335571289065,242.04591952184435,233.4844861559874,238.7327663791777,28625600.0,261.374267578125,-0.029567633875837183,23191833.333333332,1.2342965555403842,-0.014436005262148166,0.27145861374094676,-0.09037307931317222
2022-09-22,0.07575911283493042,0.01082273040499006,7,235.5173492431641,238.3320688374588,232.1846600409949,232.4778475713209,31061200.0,259.82462717692056,-0.02184914740871328,23404280.0,1.3271589640869106,0.008495546703455092,0.2600958245326914,-0.08882697496960222
2022-09-23,0.008090436458587758,0.0020226091146469394,4,232.52671813964844,235.66395894381048,229.86837515858969,234.10999046186149,34176000.0,258.244867960612,-0.02880379269140566,23874616.666666668,1.4314784809808463,-0.01269813503389905,0.26082152983356194,-0.044055067384594415
2022-09-26,-1.730710506439209,-0.24724435806274414,7,232.06735229492188,235.97667813661488,231.52981700911016,231.6764256759104,27694200.0,256.49082845052084,-0.038839489118433046,24043766.666666668,1.1518245200072645,-0.0019755400514906984,0.2518764871598931,-0.10149583024502881
2022-09-27,-2.5357950925827026,-0.5071590185165405,5,231.0509490966797,236.3187654128993,229.1842423073205,234.540014881578,27018700.0,254.65219370524088,-0.05896530703039855,24341533.333333332,1.1099834850173778,-0.004379776768213772,0.2494122168993802,-0.14750095589631268
2022-09-28,0.1998119056224823,0.01998119056224823,10,235.6053009033203,236.8367331673944,229.40900814775864,231.44185936274204,29029700.0,252.99007975260417,-0.059509039640412306,24705760.0,1.1750174858008822,0.019711461149354292,0.2609394517252773,-0.13037935351433397
